/* -- DROP DB --
DROP TABLE PHANCONG;
DROP TABLE DEAN;
ALTER TABLE NHANVIEN DROP CONSTRAINT FK_nv_phg;
DROP TABLE PHONGBAN;
DROP TABLE NHANVIEN;
*/

----- Script DB ------
CREATE TABLE NHANVIEN (
  MANV VARCHAR2(8) PRIMARY KEY,
  TENNV NVARCHAR2(30),
  PHAI NVARCHAR2(4),
  NGAYSINH DATE,
  DIACHI NVARCHAR2(100),
  SODT VARCHAR2(12),
  LUONG NUMBER,
  PHUCAP NUMBER,
  VAITRO NUMBER,
  MANQL VARCHAR2(8),
  PHG VARCHAR2(8),
  USERNAME VARCHAR2(20) UNIQUE
);

CREATE TABLE PHONGBAN (
  MAPB VARCHAR2(8) PRIMARY KEY,
  TENPB NVARCHAR2(30),
  TRPHG VARCHAR2(8)
);

CREATE TABLE DEAN (
  MADA VARCHAR2(8) PRIMARY KEY,
  TENDA NVARCHAR2(30),
  NGAYBD DATE,
  PHONG VARCHAR2(8)
);


CREATE TABLE PHANCONG (
  MANV VARCHAR2(8),
  MADA VARCHAR2(8),
  THOIGIAN DATE,
  CONSTRAINT PK_phancong PRIMARY KEY (MANV, MADA)
);

---- Foreign Keys ----
ALTER TABLE NHANVIEN
    ADD CONSTRAINT FK_nv_manql FOREIGN KEY (MANQL) REFERENCES NHANVIEN(MANV);
ALTER TABLE NHANVIEN
    ADD CONSTRAINT FK_nv_phg FOREIGN KEY (PHG) REFERENCES PHONGBAN(MAPB);

ALTER TABLE PHONGBAN 
    ADD CONSTRAINT FK_pb_trphg FOREIGN KEY (TRPHG) REFERENCES NHANVIEN(MANV);
    
ALTER TABLE DEAN
    ADD CONSTRAINT FK_da_phong FOREIGN KEY (PHONG) REFERENCES PHONGBAN(MAPB);
    
ALTER TABLE PHANCONG
    ADD CONSTRAINT FK_pc_nv FOREIGN KEY (MANV) REFERENCES NHANVIEN(MANV);
ALTER TABLE PHANCONG
    ADD CONSTRAINT FK_pc_da FOREIGN KEY (MADA) REFERENCES DEAN(MADA);



-- Insert sameple data --
SET SQLBLANKLINES ON;
SET DEFINE OFF;
ALTER SESSION SET NLS_DATE_FORMAT = 'MM/DD/SYYYY HH24:MI:SS';
ALTER SESSION SET NLS_TIMESTAMP_TZ_FORMAT = 'MM/DD/SYYYY HH24:MI:SS.FF TZH:TZM';
ALTER SESSION SET NLS_TIMESTAMP_FORMAT = 'MM/DD/SYYYY HH24:MI:SS.FF';
ALTER SESSION SET NLS_NUMERIC_CHARACTERS = '.,';
ALTER SESSION SET NLS_NCHAR_CONV_EXCP = FALSE;
ALTER SESSION SET TIME_ZONE = '+07:00';

--
-- Disabling constraints for NHANVIEN
--
ALTER TABLE NHANVIEN DISABLE CONSTRAINT FK_NV_MANQL;
ALTER TABLE NHANVIEN DISABLE CONSTRAINT FK_NV_PHG;

--
-- Disabling constraints for PHONGBAN
--
ALTER TABLE PHONGBAN DISABLE CONSTRAINT FK_PB_TRPHG;

--
-- Disabling constraints for DEAN
--
ALTER TABLE DEAN DISABLE CONSTRAINT FK_DA_PHONG;

--
-- Disabling constraints for PHANCONG
--
ALTER TABLE PHANCONG DISABLE CONSTRAINT FK_PC_DA;
ALTER TABLE PHANCONG DISABLE CONSTRAINT FK_PC_NV;

--
-- Inserting data into table NHANVIEN
-- NhanVien
INSERT INTO NHANVIEN(MANV, TENNV, PHAI, NGAYSINH, DIACHI, SODT, LUONG, PHUCAP, VAITRO, MANQL, PHG, USERNAME) VALUES
('NV227', N'Jodok', N'Nam', '03/07/1958 00:00:00', N'Highgate Road', '0981258546', 800, 100, 1, 'QL406', 'PB05', 'NV227');
INSERT INTO NHANVIEN(MANV, TENNV, PHAI, NGAYSINH, DIACHI, SODT, LUONG, PHUCAP, VAITRO, MANQL, PHG, USERNAME) VALUES
('NV300', N'Linux', N'Nam', '07/02/1975 00:00:00', N'Bemsted Road', '0956762253', 2000, 200, 1, 'QL409', 'PB03', 'NV300');
INSERT INTO NHANVIEN(MANV, TENNV, PHAI, NGAYSINH, DIACHI, SODT, LUONG, PHUCAP, VAITRO, MANQL, PHG, USERNAME) VALUES
('NV285', N'Rijana', N'N?', '01/20/1993 00:00:00', N'Cricklewood Lane', '0964285267', 7000, 300, 1, 'QL411', 'PB02', 'NV285');
INSERT INTO NHANVIEN(MANV, TENNV, PHAI, NGAYSINH, DIACHI, SODT, LUONG, PHUCAP, VAITRO, MANQL, PHG, USERNAME) VALUES
('NV368', N'Juniper', N'Nam', '01/15/1966 00:00:00', N'Fish on the Hill', '0978365842', 2000, 300, 1, 'QL404', 'PB02', 'NV368');
INSERT INTO NHANVIEN(MANV, TENNV, PHAI, NGAYSINH, DIACHI, SODT, LUONG, PHUCAP, VAITRO, MANQL, PHG, USERNAME) VALUES
('NV087', N'Eberhard', N'Nam', '11/22/1980 00:00:00', N'Hawley Road', '0932782337', 7000, 100, 1, 'QL418', 'PB08', 'NV087');
INSERT INTO NHANVIEN(MANV, TENNV, PHAI, NGAYSINH, DIACHI, SODT, LUONG, PHUCAP, VAITRO, MANQL, PHG, USERNAME) VALUES
('NV097', N'Egidius', N'Nam', '11/08/1969 00:00:00', N'Kingly Street', '0985187273', 1000, 200, 1, 'QL416', 'PB08', 'NV097');
INSERT INTO NHANVIEN(MANV, TENNV, PHAI, NGAYSINH, DIACHI, SODT, LUONG, PHUCAP, VAITRO, MANQL, PHG, USERNAME) VALUES
('NV124', N'Gerbrand', N'Nam', '02/22/1979 00:00:00', N'Fortress Grove', '0942427814', 500, 300, 1, 'QL409', 'PB02', 'NV124');
INSERT INTO NHANVIEN(MANV, TENNV, PHAI, NGAYSINH, DIACHI, SODT, LUONG, PHUCAP, VAITRO, MANQL, PHG, USERNAME) VALUES
('NV038', N'Helias', N'N?', '01/30/1995 00:00:00', N'Cannon Hill', '0921524812', 5000, 200, 1, 'QL405', 'PB08', 'NV038');
INSERT INTO NHANVIEN(MANV, TENNV, PHAI, NGAYSINH, DIACHI, SODT, LUONG, PHUCAP, VAITRO, MANQL, PHG, USERNAME) VALUES
('NV018', N'Hellfried', N'Nam', '05/05/1983 00:00:00', N'Broadwalk', '0987846828', 1300, 100, 1, 'QL402', 'PB05', 'NV018');
INSERT INTO NHANVIEN(MANV, TENNV, PHAI, NGAYSINH, DIACHI, SODT, LUONG, PHUCAP, VAITRO, MANQL, PHG, USERNAME) VALUES
('NV338', N'Cesar', N'Nam', '09/13/1970 00:00:00', N'Cortis Road', '0945443573', 1000, 300, 1, 'QL402', 'PB03', 'NV338');
INSERT INTO NHANVIEN(MANV, TENNV, PHAI, NGAYSINH, DIACHI, SODT, LUONG, PHUCAP, VAITRO, MANQL, PHG, USERNAME) VALUES
('NV119', N'Fawini', N'Nam', '05/18/1962 00:00:00', N'Floral Street', '0937637263', 1300, 200, 1, 'QL400', 'PB05', 'NV119');
INSERT INTO NHANVIEN(MANV, TENNV, PHAI, NGAYSINH, DIACHI, SODT, LUONG, PHUCAP, VAITRO, MANQL, PHG, USERNAME) VALUES
('NV332', N'Wedigo', N'Nam', '08/25/1988 00:00:00', N'Thorpe Close', '0911676853', 1300, 100, 1, 'QL404', 'PB03', 'NV332');
INSERT INTO NHANVIEN(MANV, TENNV, PHAI, NGAYSINH, DIACHI, SODT, LUONG, PHUCAP, VAITRO, MANQL, PHG, USERNAME) VALUES
('NV015', N'Corbinian', N'Nam', '01/07/1953 00:00:00', N'Sandycombe Road', '0937248244', 5000, 200, 1, 'QL417', 'PB06', 'NV015');
INSERT INTO NHANVIEN(MANV, TENNV, PHAI, NGAYSINH, DIACHI, SODT, LUONG, PHUCAP, VAITRO, MANQL, PHG, USERNAME) VALUES
('NV165', N'Brendalie', N'N?', '07/21/2000 00:00:00', N'Frocks Away', '0968564378', 2000, 200, 1, 'QL413', 'PB05', 'NV165');
INSERT INTO NHANVIEN(MANV, TENNV, PHAI, NGAYSINH, DIACHI, SODT, LUONG, PHUCAP, VAITRO, MANQL, PHG, USERNAME) VALUES
('NV086', N'Otfried', N'N?', '05/09/1982 00:00:00', N'Leatherhead Road', '0952665851', 500, 200, 1, 'QL402', 'PB08', 'NV086');
INSERT INTO NHANVIEN(MANV, TENNV, PHAI, NGAYSINH, DIACHI, SODT, LUONG, PHUCAP, VAITRO, MANQL, PHG, USERNAME) VALUES
('NV084', N'Gerarda', N'Nam', '01/24/1994 00:00:00', N'Back Lane', '0965243632', 1000, 300, 1, 'QL413', 'PB05', 'NV084');
INSERT INTO NHANVIEN(MANV, TENNV, PHAI, NGAYSINH, DIACHI, SODT, LUONG, PHUCAP, VAITRO, MANQL, PHG, USERNAME) VALUES
('NV174', N'Liebhard', N'N?', '09/08/1953 00:00:00', N'Bedford Way', '0922685653', 500, 100, 1, 'QL410', 'PB01', 'NV174');
INSERT INTO NHANVIEN(MANV, TENNV, PHAI, NGAYSINH, DIACHI, SODT, LUONG, PHUCAP, VAITRO, MANQL, PHG, USERNAME) VALUES
('NV354', N'Waldefried', N'N?', '12/29/2005 00:00:00', N'Grangehill Road', '0938712511', 5000, 100, 1, 'QL404', 'PB01', 'NV354');
INSERT INTO NHANVIEN(MANV, TENNV, PHAI, NGAYSINH, DIACHI, SODT, LUONG, PHUCAP, VAITRO, MANQL, PHG, USERNAME) VALUES
('NV228', N'Kunibert', N'Nam', '08/11/1981 00:00:00', N'Stafford Street', '0968333646', 1300, 300, 1, 'QL415', 'PB06', 'NV228');
INSERT INTO NHANVIEN(MANV, TENNV, PHAI, NGAYSINH, DIACHI, SODT, LUONG, PHUCAP, VAITRO, MANQL, PHG, USERNAME) VALUES
('NV146', N'Fey', N'N?', '12/30/1987 00:00:00', N'Bank Street', '0971215764', 5000, 100, 1, 'QL402', 'PB08', 'NV146');
INSERT INTO NHANVIEN(MANV, TENNV, PHAI, NGAYSINH, DIACHI, SODT, LUONG, PHUCAP, VAITRO, MANQL, PHG, USERNAME) VALUES
('NV040', N'Abeline ', N'Nam', '05/26/1964 00:00:00', N'Windmill Grove', '0937415155', 5000, 300, 1, 'QL406', 'PB02', 'NV040');
INSERT INTO NHANVIEN(MANV, TENNV, PHAI, NGAYSINH, DIACHI, SODT, LUONG, PHUCAP, VAITRO, MANQL, PHG, USERNAME) VALUES
('NV001', N'Alruna', N'N?', '12/11/1962 00:00:00', N'Peckham Road', '0936651124', 7000, 200, 1, 'QL410', 'PB01', 'NV001');
INSERT INTO NHANVIEN(MANV, TENNV, PHAI, NGAYSINH, DIACHI, SODT, LUONG, PHUCAP, VAITRO, MANQL, PHG, USERNAME) VALUES
('NV269', N'Dorle', N'Nam', '11/08/1956 00:00:00', N'Ashby Walk', '0963414886', 500, 300, 1, 'QL412', 'PB03', 'NV269');
INSERT INTO NHANVIEN(MANV, TENNV, PHAI, NGAYSINH, DIACHI, SODT, LUONG, PHUCAP, VAITRO, MANQL, PHG, USERNAME) VALUES
('NV292', N'Odovacar', N'Nam', '04/16/1985 00:00:00', N'Gomer Place', '0913283751', 7000, 200, 1, 'QL415', 'PB08', 'NV292');
INSERT INTO NHANVIEN(MANV, TENNV, PHAI, NGAYSINH, DIACHI, SODT, LUONG, PHUCAP, VAITRO, MANQL, PHG, USERNAME) VALUES
('NV048', N'Sivana', N'N?', '10/29/1994 00:00:00', N'Vorley Road', '0983886686', 1000, 200, 1, 'QL412', 'PB06', 'NV048');
INSERT INTO NHANVIEN(MANV, TENNV, PHAI, NGAYSINH, DIACHI, SODT, LUONG, PHUCAP, VAITRO, MANQL, PHG, USERNAME) VALUES
('NV039', N'Saiga', N'N?', '01/17/1982 00:00:00', N'High View Road', '0967257474', 800, 300, 1, 'QL417', 'PB02', 'NV039');
INSERT INTO NHANVIEN(MANV, TENNV, PHAI, NGAYSINH, DIACHI, SODT, LUONG, PHUCAP, VAITRO, MANQL, PHG, USERNAME) VALUES
('NV257', N'Eliah', N'N?', '09/19/1971 00:00:00', N'Leighton Grove', '0926732425', 1300, 300, 1, 'QL410', 'PB08', 'NV257');
INSERT INTO NHANVIEN(MANV, TENNV, PHAI, NGAYSINH, DIACHI, SODT, LUONG, PHUCAP, VAITRO, MANQL, PHG, USERNAME) VALUES
('NV337', N'Kordula', N'Nam', '02/27/1999 00:00:00', N'Chippenham Road', '0917256635', 1300, 200, 1, 'QL402', 'PB07', 'NV337');
INSERT INTO NHANVIEN(MANV, TENNV, PHAI, NGAYSINH, DIACHI, SODT, LUONG, PHUCAP, VAITRO, MANQL, PHG, USERNAME) VALUES
('NV325', N'Clemens', N'N?', '05/18/1955 00:00:00', N'Pebworth Road', '0938382128', 500, 200, 1, 'QL407', 'PB07', 'NV325');
INSERT INTO NHANVIEN(MANV, TENNV, PHAI, NGAYSINH, DIACHI, SODT, LUONG, PHUCAP, VAITRO, MANQL, PHG, USERNAME) VALUES
('NV185', N'Vajessa', N'Nam', '01/07/1953 00:00:00', N'Magdalen Street', '0941615254', 1000, 200, 1, 'QL412', 'PB01', 'NV185');
INSERT INTO NHANVIEN(MANV, TENNV, PHAI, NGAYSINH, DIACHI, SODT, LUONG, PHUCAP, VAITRO, MANQL, PHG, USERNAME) VALUES
('NV203', N'Praxedis', N'Nam', '01/22/1971 00:00:00', N'Garratt Lane', '0957542254', 1300, 200, 1, 'QL410', 'PB04', 'NV203');
INSERT INTO NHANVIEN(MANV, TENNV, PHAI, NGAYSINH, DIACHI, SODT, LUONG, PHUCAP, VAITRO, MANQL, PHG, USERNAME) VALUES
('NV013', N'Rayko', N'Nam', '04/06/1965 00:00:00', N'Fortess Road', '0937284624', 500, 100, 1, 'QL406', 'PB01', 'NV013');
INSERT INTO NHANVIEN(MANV, TENNV, PHAI, NGAYSINH, DIACHI, SODT, LUONG, PHUCAP, VAITRO, MANQL, PHG, USERNAME) VALUES
('NV289', N'Adelisa ', N'N?', '06/12/1962 00:00:00', N'Burwell Avenue', '0924454553', 1300, 100, 1, 'QL405', 'PB08', 'NV289');
INSERT INTO NHANVIEN(MANV, TENNV, PHAI, NGAYSINH, DIACHI, SODT, LUONG, PHUCAP, VAITRO, MANQL, PHG, USERNAME) VALUES
('NV122', N'Swena', N'Nam', '05/29/1981 00:00:00', N'Bell Yard Mews', '0938833383', 500, 100, 1, 'QL403', 'PB02', 'NV122');
INSERT INTO NHANVIEN(MANV, TENNV, PHAI, NGAYSINH, DIACHI, SODT, LUONG, PHUCAP, VAITRO, MANQL, PHG, USERNAME) VALUES
('NV076', N'Jolissa', N'N?', '01/12/1953 00:00:00', N'Rectory Grove', '0941473767', 1300, 200, 1, 'QL402', 'PB07', 'NV076');
INSERT INTO NHANVIEN(MANV, TENNV, PHAI, NGAYSINH, DIACHI, SODT, LUONG, PHUCAP, VAITRO, MANQL, PHG, USERNAME) VALUES
('NV160', N'Vitalis', N'Nam', '04/16/1995 00:00:00', N'Longmoore Street', '0942853173', 500, 300, 1, 'QL415', 'PB07', 'NV160');
INSERT INTO NHANVIEN(MANV, TENNV, PHAI, NGAYSINH, DIACHI, SODT, LUONG, PHUCAP, VAITRO, MANQL, PHG, USERNAME) VALUES
('NV184', N'Dietger', N'N?', '07/30/1988 00:00:00', N'High Street', '0984777322', 1300, 100, 1, 'QL410', 'PB04', 'NV184');
INSERT INTO NHANVIEN(MANV, TENNV, PHAI, NGAYSINH, DIACHI, SODT, LUONG, PHUCAP, VAITRO, MANQL, PHG, USERNAME) VALUES
('NV198', N'Bartel ', N'N?', '10/02/1974 00:00:00', N'Bradbury Street', '0956877538', 5000, 200, 1, 'QL413', 'PB03', 'NV198');
INSERT INTO NHANVIEN(MANV, TENNV, PHAI, NGAYSINH, DIACHI, SODT, LUONG, PHUCAP, VAITRO, MANQL, PHG, USERNAME) VALUES
('NV245', N'Huldrich', N'Nam', '08/14/1994 00:00:00', N'Newbury Way', '0973266628', 2000, 100, 1, 'QL413', 'PB03', 'NV245');
INSERT INTO NHANVIEN(MANV, TENNV, PHAI, NGAYSINH, DIACHI, SODT, LUONG, PHUCAP, VAITRO, MANQL, PHG, USERNAME) VALUES
('NV309', N'Nestor', N'Nam', '01/14/2001 00:00:00', N'Zermatt Road', '0988468883', 1300, 300, 1, 'QL407', 'PB04', 'NV309');
INSERT INTO NHANVIEN(MANV, TENNV, PHAI, NGAYSINH, DIACHI, SODT, LUONG, PHUCAP, VAITRO, MANQL, PHG, USERNAME) VALUES
('NV357', N'Natanael', N'N?', '07/27/1976 00:00:00', N'Milroy Walk', '0951317358', 2000, 100, 1, 'QL410', 'PB06', 'NV357');
INSERT INTO NHANVIEN(MANV, TENNV, PHAI, NGAYSINH, DIACHI, SODT, LUONG, PHUCAP, VAITRO, MANQL, PHG, USERNAME) VALUES
('NV012', N'Reginbert', N'Nam', '06/18/1995 00:00:00', N'Glebelands Avenue', '0964112422', 500, 100, 1, 'QL414', 'PB08', 'NV012');
INSERT INTO NHANVIEN(MANV, TENNV, PHAI, NGAYSINH, DIACHI, SODT, LUONG, PHUCAP, VAITRO, MANQL, PHG, USERNAME) VALUES
('NV223', N'Gordian', N'N?', '06/18/2002 00:00:00', N'Hackney Road', '0928866532', 500, 200, 1, 'QL412', 'PB03', 'NV223');
INSERT INTO NHANVIEN(MANV, TENNV, PHAI, NGAYSINH, DIACHI, SODT, LUONG, PHUCAP, VAITRO, MANQL, PHG, USERNAME) VALUES
('NV191', N'Ingold', N'Nam', '06/16/1955 00:00:00', N'Blackshaw Road', '0983665548', 1300, 300, 1, 'QL416', 'PB02', 'NV191');
INSERT INTO NHANVIEN(MANV, TENNV, PHAI, NGAYSINH, DIACHI, SODT, LUONG, PHUCAP, VAITRO, MANQL, PHG, USERNAME) VALUES
('NV061', N'Rubertus', N'N?', '09/22/1954 00:00:00', N'Fleetwood Court', '0941487874', 500, 300, 1, 'QL403', 'PB01', 'NV061');
INSERT INTO NHANVIEN(MANV, TENNV, PHAI, NGAYSINH, DIACHI, SODT, LUONG, PHUCAP, VAITRO, MANQL, PHG, USERNAME) VALUES
('NV154', N'Godot', N'Nam', '03/26/1985 00:00:00', N'Aberconway Road', '0968638514', 1300, 300, 1, 'QL407', 'PB05', 'NV154');
INSERT INTO NHANVIEN(MANV, TENNV, PHAI, NGAYSINH, DIACHI, SODT, LUONG, PHUCAP, VAITRO, MANQL, PHG, USERNAME) VALUES
('NV169', N'Gertraud', N'N?', '05/10/1978 00:00:00', N'Chatham Street', '0968588175', 800, 200, 1, 'QL409', 'PB08', 'NV169');
INSERT INTO NHANVIEN(MANV, TENNV, PHAI, NGAYSINH, DIACHI, SODT, LUONG, PHUCAP, VAITRO, MANQL, PHG, USERNAME) VALUES
('NV066', N'Elieser', N'N?', '03/18/1966 00:00:00', N'Abercairn Road', '0988236127', 500, 200, 1, 'QL403', 'PB01', 'NV066');
INSERT INTO NHANVIEN(MANV, TENNV, PHAI, NGAYSINH, DIACHI, SODT, LUONG, PHUCAP, VAITRO, MANQL, PHG, USERNAME) VALUES
('NV302', N'Romi', N'N?', '03/10/1972 00:00:00', N'Ashby Walk', '0968384284', 500, 300, 1, 'QL406', 'PB03', 'NV302');
INSERT INTO NHANVIEN(MANV, TENNV, PHAI, NGAYSINH, DIACHI, SODT, LUONG, PHUCAP, VAITRO, MANQL, PHG, USERNAME) VALUES
('NV114', N'Clovis', N'Nam', '03/03/1953 00:00:00', N'Weymouth Avenue', '0934346844', 500, 100, 1, 'QL417', 'PB07', 'NV114');

-- QLTT
INSERT INTO NHANVIEN(MANV, TENNV, PHAI, NGAYSINH, DIACHI, SODT, LUONG, PHUCAP, VAITRO, PHG, USERNAME) VALUES
('QL408', N'Margaret', N'Nam', '04/01/1953 00:00:00', N'Old Street', '0945353287', 5000, 100, 2, 'PB02', 'QL408');
INSERT INTO NHANVIEN(MANV, TENNV, PHAI, NGAYSINH, DIACHI, SODT, LUONG, PHUCAP, VAITRO, PHG, USERNAME) VALUES
('QL400', N'Fallon', N'Nam', '11/29/1953 00:00:00', N'Petersham Close', '0946727131', 7000, 200, 2, 'PB04', 'QL400');
INSERT INTO NHANVIEN(MANV, TENNV, PHAI, NGAYSINH, DIACHI, SODT, LUONG, PHUCAP, VAITRO, PHG, USERNAME) VALUES
('QL416', N'Starla', N'Nam', '05/30/1988 00:00:00', N'Salusbury Road', '0941451252', 800, 300, 2, 'PB06', 'QL416');
INSERT INTO NHANVIEN(MANV, TENNV, PHAI, NGAYSINH, DIACHI, SODT, LUONG, PHUCAP, VAITRO, PHG, USERNAME) VALUES
('QL413', N'Micaela', N'N?', '01/23/1976 00:00:00', N'Maiden Lane', '0952625564', 800, 300, 2, 'PB03', 'QL413');
INSERT INTO NHANVIEN(MANV, TENNV, PHAI, NGAYSINH, DIACHI, SODT, LUONG, PHUCAP, VAITRO, PHG, USERNAME) VALUES
('QL401', N'Jackeline', N'N?', '01/05/1953 00:00:00', N'New Globe Walk', '0977652747', 1000, 100, 2, 'PB07', 'QL401');
INSERT INTO NHANVIEN(MANV, TENNV, PHAI, NGAYSINH, DIACHI, SODT, LUONG, PHUCAP, VAITRO, PHG, USERNAME) VALUES
('QL418', N'Myrl', N'Nam', '01/10/1996 00:00:00', N'Chamber Street', '0977718316', 3000, 200, 2, 'PB05', 'QL418');
INSERT INTO NHANVIEN(MANV, TENNV, PHAI, NGAYSINH, DIACHI, SODT, LUONG, PHUCAP, VAITRO, PHG, USERNAME) VALUES
('QL406', N'Ronald', N'Nam', '01/05/1953 00:00:00', N'Catwalk Place', '0984885766', 3000, 300, 2, 'PB08', 'QL406');
INSERT INTO NHANVIEN(MANV, TENNV, PHAI, NGAYSINH, DIACHI, SODT, LUONG, PHUCAP, VAITRO, PHG, USERNAME) VALUES
('QL405', N'Ashanti', N'Nam', '05/07/1969 00:00:00', N'Hobart Place', '0988672321', 3000, 200, 2, 'PB01', 'QL405');
INSERT INTO NHANVIEN(MANV, TENNV, PHAI, NGAYSINH, DIACHI, SODT, LUONG, PHUCAP, VAITRO, PHG, USERNAME) VALUES
('QL409', N'Frances', N'N?', '11/16/1974 00:00:00', N'Carlton Road', '0914868123', 3000, 100, 2, 'PB06', 'QL409');
INSERT INTO NHANVIEN(MANV, TENNV, PHAI, NGAYSINH, DIACHI, SODT, LUONG, PHUCAP, VAITRO, PHG, USERNAME) VALUES
('QL407', N'Marline', N'Nam', '01/15/1976 00:00:00', N'Penrith Close', '0973436484', 800, 300, 2, 'PB01', 'QL407');
INSERT INTO NHANVIEN(MANV, TENNV, PHAI, NGAYSINH, DIACHI, SODT, LUONG, PHUCAP, VAITRO, PHG, USERNAME) VALUES
('QL412', N'Esmeralda', N'Nam', '08/15/1986 00:00:00', N'Londis Commercial Way', '0942284853', 7000, 200, 2, 'PB01', 'QL412');
INSERT INTO NHANVIEN(MANV, TENNV, PHAI, NGAYSINH, DIACHI, SODT, LUONG, PHUCAP, VAITRO, PHG, USERNAME) VALUES
('QL402', N'Judith', N'Nam', '01/07/1953 00:00:00', N'Selsdon Road', '0962273473', 1000, 100, 2, 'PB04', 'QL402');
INSERT INTO NHANVIEN(MANV, TENNV, PHAI, NGAYSINH, DIACHI, SODT, LUONG, PHUCAP, VAITRO, PHG, USERNAME) VALUES
('QL411', N'Tamekia', N'N?', '09/07/1955 00:00:00', N'Blenheim Road', '0972427128', 5000, 200, 2, 'PB08', 'QL411');
INSERT INTO NHANVIEN(MANV, TENNV, PHAI, NGAYSINH, DIACHI, SODT, LUONG, PHUCAP, VAITRO, PHG, USERNAME) VALUES
('QL415', N'Ingrid', N'Nam', '07/15/1967 00:00:00', N'Bow street', '0966338841', 3000, 200, 2, 'PB07', 'QL415');
INSERT INTO NHANVIEN(MANV, TENNV, PHAI, NGAYSINH, DIACHI, SODT, LUONG, PHUCAP, VAITRO, PHG, USERNAME) VALUES
('QL403', N'Erma', N'N?', '03/22/1953 00:00:00', N'Stamford Hill', '0943424878', 800, 200, 2, 'PB05', 'QL403');
INSERT INTO NHANVIEN(MANV, TENNV, PHAI, NGAYSINH, DIACHI, SODT, LUONG, PHUCAP, VAITRO, PHG, USERNAME) VALUES
('QL414', N'Ghislaine', N'Nam', '02/18/1965 00:00:00', N'Biddulph Road', '0923687517', 3000, 300, 2, 'PB05', 'QL414');
INSERT INTO NHANVIEN(MANV, TENNV, PHAI, NGAYSINH, DIACHI, SODT, LUONG, PHUCAP, VAITRO, PHG, USERNAME) VALUES
('QL410', N'Melisa', N'Nam', '05/10/1955 00:00:00', N'Horseferry Road', '0956748311', 5000, 100, 2, 'PB01', 'QL410');
INSERT INTO NHANVIEN(MANV, TENNV, PHAI, NGAYSINH, DIACHI, SODT, LUONG, PHUCAP, VAITRO, PHG, USERNAME) VALUES
('QL419', N'Oma', N'Nam', '04/15/1959 00:00:00', N'Hanson Court', '0937583812', 7000, 100, 2, 'PB02', 'QL419');
INSERT INTO NHANVIEN(MANV, TENNV, PHAI, NGAYSINH, DIACHI, SODT, LUONG, PHUCAP, VAITRO, PHG, USERNAME) VALUES
('QL417', N'Brigid', N'Nam', '12/20/1959 00:00:00', N'Rotherhithe Street', '0972116735', 3000, 300, 2, 'PB01', 'QL417');
INSERT INTO NHANVIEN(MANV, TENNV, PHAI, NGAYSINH, DIACHI, SODT, LUONG, PHUCAP, VAITRO, PHG, USERNAME) VALUES
('QL404', N'Anika', N'Nam', '07/05/1992 00:00:00', N'Golden Square', '0966264344', 1000, 100, 2, 'PB06', 'QL404');

-- TruongPhong
INSERT INTO NHANVIEN(MANV, TENNV, PHAI, NGAYSINH, DIACHI, SODT, LUONG, PHUCAP, VAITRO, PHG, USERNAME) VALUES
('TP423', N'Rosa', N'Nam', '03/07/1958 00:00:00', N'Highgate Road', '0981258546', 10000, 200, 3, 'PB02', 'TP423');
INSERT INTO NHANVIEN(MANV, TENNV, PHAI, NGAYSINH, DIACHI, SODT, LUONG, PHUCAP, VAITRO, PHG, USERNAME) VALUES
('TP425', N'Vanita', N'Nam', '07/02/1975 00:00:00', N'Bemsted Road', '0956762253', 10000, 300, 3, 'PB03', 'TP425');
INSERT INTO NHANVIEN(MANV, TENNV, PHAI, NGAYSINH, DIACHI, SODT, LUONG, PHUCAP, VAITRO, PHG, USERNAME) VALUES
('TP422', N'Oleta', N'N?', '01/15/1966 00:00:00', N'Cricklewood Lane', '0964285267', 7000, 500, 3, 'PB05', 'TP422');
INSERT INTO NHANVIEN(MANV, TENNV, PHAI, NGAYSINH, DIACHI, SODT, LUONG, PHUCAP, VAITRO, PHG, USERNAME) VALUES
('TP427', N'Dusti', N'Nam', '11/22/1980 00:00:00', N'Fish on the Hill', '0978365842', 5000, 500, 3, 'PB06', 'TP427');
INSERT INTO NHANVIEN(MANV, TENNV, PHAI, NGAYSINH, DIACHI, SODT, LUONG, PHUCAP, VAITRO, PHG, USERNAME) VALUES
('TP420', N'Hildred', N'Nam', '11/08/1969 00:00:00', N'Hawley Road', '0932782337', 7000, 200, 3, 'PB07', 'TP420');
INSERT INTO NHANVIEN(MANV, TENNV, PHAI, NGAYSINH, DIACHI, SODT, LUONG, PHUCAP, VAITRO, PHG, USERNAME) VALUES
('TP426', N'Eliz', N'Nam', '02/22/1979 00:00:00', N'Kingly Street', '0985187273', 3000, 300, 3, 'PB08', 'TP426');
INSERT INTO NHANVIEN(MANV, TENNV, PHAI, NGAYSINH, DIACHI, SODT, LUONG, PHUCAP, VAITRO, PHG, USERNAME) VALUES
('TP424', N'Georgetta', N'Nam', '05/05/1983 00:00:00', N'Fortress Grove', '0942427814', 10000, 500, 3, 'PB04', 'TP424');
INSERT INTO NHANVIEN(MANV, TENNV, PHAI, NGAYSINH, DIACHI, SODT, LUONG, PHUCAP, VAITRO, PHG, USERNAME) VALUES
('TP421', N'Christie', N'N?', '09/13/1970 00:00:00', N'Cannon Hill', '0921524812', 7000, 300, 3, 'PB01', 'TP421');

-- NV TaiChinh
INSERT INTO NHANVIEN(MANV, TENNV, PHAI, NGAYSINH, DIACHI, SODT, LUONG, PHUCAP, VAITRO, USERNAME) VALUES
('TC452', N'Lizette', N'Nam', '09/26/1985 00:00:00', N'Monck Street', '0933162784', 5000, 100, 4, 'TC452');
INSERT INTO NHANVIEN(MANV, TENNV, PHAI, NGAYSINH, DIACHI, SODT, LUONG, PHUCAP, VAITRO, USERNAME) VALUES
('TC455', N'Cheryl', N'Nam', '01/03/1953 00:00:00', N'London Bridge Street', '0947312176', 7000, 200, 4, 'TC455');
INSERT INTO NHANVIEN(MANV, TENNV, PHAI, NGAYSINH, DIACHI, SODT, LUONG, PHUCAP, VAITRO, USERNAME) VALUES
('TC454', N'Lottie', N'N?', '03/06/1954 00:00:00', N'Jewel Road', '0943762358', 800, 300, 4, 'TC454');
INSERT INTO NHANVIEN(MANV, TENNV, PHAI, NGAYSINH, DIACHI, SODT, LUONG, PHUCAP, VAITRO, USERNAME) VALUES
('TC451', N'Lesa', N'N?', '02/23/1956 00:00:00', N'Hereford Road', '0933172836', 800, 300, 4, 'TC451');
INSERT INTO NHANVIEN(MANV, TENNV, PHAI, NGAYSINH, DIACHI, SODT, LUONG, PHUCAP, VAITRO, USERNAME) VALUES
('TC453', N'Juliette', N'N?', '07/14/1954 00:00:00', N'Percy Road', '0934344427', 3000, 100, 4, 'TC453');

-- NV NhanSu
INSERT INTO NHANVIEN(MANV, TENNV, PHAI, NGAYSINH, DIACHI, SODT, LUONG, PHUCAP, VAITRO, USERNAME) VALUES
('NS492', N'Ariana', N'N?', '10/13/1997 00:00:00', N'Bowling Green Lane', '0911125282', 800, 100, 5, 'NS492');
INSERT INTO NHANVIEN(MANV, TENNV, PHAI, NGAYSINH, DIACHI, SODT, LUONG, PHUCAP, VAITRO, USERNAME) VALUES
('NS495', N'Carman', N'Nam', '11/03/1970 00:00:00', N'Lamb''s Conduit Street', '0954353827', 7000, 200, 5, 'NS495');
INSERT INTO NHANVIEN(MANV, TENNV, PHAI, NGAYSINH, DIACHI, SODT, LUONG, PHUCAP, VAITRO, USERNAME) VALUES
('NS494', N'Marianne', N'Nam', '03/19/1953 00:00:00', N'Leeland Road', '0956463821', 800, 300, 5, 'NS494');
INSERT INTO NHANVIEN(MANV, TENNV, PHAI, NGAYSINH, DIACHI, SODT, LUONG, PHUCAP, VAITRO, USERNAME) VALUES
('NS491', N'Chantel', N'N?', '10/30/1979 00:00:00', N'Aynhoe Road', '0935518736', 5000, 300, 5, 'NS491');
INSERT INTO NHANVIEN(MANV, TENNV, PHAI, NGAYSINH, DIACHI, SODT, LUONG, PHUCAP, VAITRO, USERNAME) VALUES
('NS493', N'Temika', N'Nam', '11/20/1953 00:00:00', N'Cannon Hill', '0976342467', 1000, 100, 5, 'NS493');

-- TruongDeAn
INSERT INTO NHANVIEN(MANV, TENNV, PHAI, NGAYSINH, DIACHI, SODT, LUONG, PHUCAP, VAITRO, USERNAME) VALUES
('TDA501', N'Catheryn', N'N?', '07/07/1970 00:00:00', N'Chatham Place', '0932662881', 1000, 100, 6, 'TDA501');
INSERT INTO NHANVIEN(MANV, TENNV, PHAI, NGAYSINH, DIACHI, SODT, LUONG, PHUCAP, VAITRO, USERNAME) VALUES
('TDA502', N'Gilda', N'Nam', '02/12/1957 00:00:00', N'Ravey Street', '0974421163', 7000, 200, 6, 'TDA502');
INSERT INTO NHANVIEN(MANV, TENNV, PHAI, NGAYSINH, DIACHI, SODT, LUONG, PHUCAP, VAITRO, USERNAME) VALUES
('TDA500', N'Roxanna', N'N?', '06/13/1999 00:00:00', N'Pigeon Court', '0977552384', 3000, 300, 6, 'TDA500');

-- Ban Giam Doc
INSERT INTO NHANVIEN(MANV, TENNV, PHAI, NGAYSINH, DIACHI, SODT, LUONG, PHUCAP, VAITRO, USERNAME) VALUES
('BGD03', N'Mireille', N'Nam', '12/04/1976 00:00:00', N'Randolph Road', '0926434688', 30000, 800, 7, 'BGD03');
INSERT INTO NHANVIEN(MANV, TENNV, PHAI, NGAYSINH, DIACHI, SODT, LUONG, PHUCAP, VAITRO, USERNAME) VALUES
('BGD04', N'Alta', N'N?', '01/09/1988 00:00:00', N'Hale End Road', '0967461231', 30000, 300, 7, 'BGD04');
INSERT INTO NHANVIEN(MANV, TENNV, PHAI, NGAYSINH, DIACHI, SODT, LUONG, PHUCAP, VAITRO, USERNAME) VALUES
('BGD02', N'Dorris', N'N?', '12/04/1985 00:00:00', N'Campden Grove', '0965865326', 30000, 800, 7, 'BGD02');
INSERT INTO NHANVIEN(MANV, TENNV, PHAI, NGAYSINH, DIACHI, SODT, LUONG, PHUCAP, VAITRO, USERNAME) VALUES
('BGD05', N'Ines', N'N?', '09/24/1966 00:00:00', N'Dovehouse Street', '0928827464', 10000, 300, 7, 'BGD05');
INSERT INTO NHANVIEN(MANV, TENNV, PHAI, NGAYSINH, DIACHI, SODT, LUONG, PHUCAP, VAITRO, USERNAME) VALUES
('BGD01', N'Alexa', N'N?', '01/02/1953 00:00:00', N'Denmark Hill', '0917621377', 20000, 300, 7, 'BGD01');

--
-- Inserting data into table PHONGBAN
--
INSERT INTO PHONGBAN(MAPB, TENPB, TRPHG) VALUES
('PB05', N'Executive', 'TP422');
INSERT INTO PHONGBAN(MAPB, TENPB, TRPHG) VALUES
('PB02', N'Information Technology', 'TP423');
INSERT INTO PHONGBAN(MAPB, TENPB, TRPHG) VALUES
('PB03', N'Facilities', 'TP425');
INSERT INTO PHONGBAN(MAPB, TENPB, TRPHG) VALUES
('PB08', N'Consulting', 'TP426');
INSERT INTO PHONGBAN(MAPB, TENPB, TRPHG) VALUES
('PB04', N'Operations', 'TP424');
INSERT INTO PHONGBAN(MAPB, TENPB, TRPHG) VALUES
('PB01', N'Customer Support', 'TP421');
INSERT INTO PHONGBAN(MAPB, TENPB, TRPHG) VALUES
('PB06', N'Marketing', 'TP427');
INSERT INTO PHONGBAN(MAPB, TENPB, TRPHG) VALUES
('PB07', N'Research and Development', 'TP420');

--
-- Inserting data into table DEAN
--
INSERT INTO DEAN(MADA, TENDA, NGAYBD, PHONG) VALUES
('DA99', N'Name_DA99', '03/09/2006 00:00:00', 'PB06');
INSERT INTO DEAN(MADA, TENDA, NGAYBD, PHONG) VALUES
('DA86', N'Name_DA86', '06/18/2010 00:00:00', 'PB01');
INSERT INTO DEAN(MADA, TENDA, NGAYBD, PHONG) VALUES
('DA92', N'Name_DA92', '01/14/2007 00:00:00', 'PB02');
INSERT INTO DEAN(MADA, TENDA, NGAYBD, PHONG) VALUES
('DA89', N'Name_DA89', '09/23/2009 00:00:00', 'PB07');
INSERT INTO DEAN(MADA, TENDA, NGAYBD, PHONG) VALUES
('DA21', N'Name_DA21', '10/09/2008 00:00:00', 'PB04');
INSERT INTO DEAN(MADA, TENDA, NGAYBD, PHONG) VALUES
('DA56', N'Name_DA56', '08/20/2006 00:00:00', 'PB06');
INSERT INTO DEAN(MADA, TENDA, NGAYBD, PHONG) VALUES
('DA55', N'Name_DA55', '01/23/2009 00:00:00', 'PB05');
INSERT INTO DEAN(MADA, TENDA, NGAYBD, PHONG) VALUES
('DA67', N'Name_DA67', '12/18/2006 00:00:00', 'PB02');
INSERT INTO DEAN(MADA, TENDA, NGAYBD, PHONG) VALUES
('DA35', N'Name_DA35', '03/05/2005 00:00:00', 'PB02');
INSERT INTO DEAN(MADA, TENDA, NGAYBD, PHONG) VALUES
('DA78', N'Name_DA78', '05/08/2009 00:00:00', 'PB07');
INSERT INTO DEAN(MADA, TENDA, NGAYBD, PHONG) VALUES
('DA11', N'Name_DA11', '05/28/2005 00:00:00', 'PB05');
INSERT INTO DEAN(MADA, TENDA, NGAYBD, PHONG) VALUES
('DA08', N'Name_DA08', '01/05/2005 00:00:00', 'PB02');
INSERT INTO DEAN(MADA, TENDA, NGAYBD, PHONG) VALUES
('DA15', N'Name_DA15', '03/17/2010 00:00:00', 'PB06');
INSERT INTO DEAN(MADA, TENDA, NGAYBD, PHONG) VALUES
('DA77', N'Name_DA77', '01/01/2005 00:00:00', 'PB08');
INSERT INTO DEAN(MADA, TENDA, NGAYBD, PHONG) VALUES
('DA54', N'Name_DA54', '11/18/2010 00:00:00', 'PB07');
INSERT INTO DEAN(MADA, TENDA, NGAYBD, PHONG) VALUES
('DA93', N'Name_DA93', '01/13/2006 00:00:00', 'PB05');
INSERT INTO DEAN(MADA, TENDA, NGAYBD, PHONG) VALUES
('DA39', N'Name_DA39', '09/05/2005 00:00:00', 'PB01');
INSERT INTO DEAN(MADA, TENDA, NGAYBD, PHONG) VALUES
('DA68', N'Name_DA68', '07/31/2007 00:00:00', 'PB07');
INSERT INTO DEAN(MADA, TENDA, NGAYBD, PHONG) VALUES
('DA20', N'Name_DA20', '06/02/2008 00:00:00', 'PB01');
INSERT INTO DEAN(MADA, TENDA, NGAYBD, PHONG) VALUES
('DA66', N'Name_DA66', '03/24/2005 00:00:00', 'PB07');

--
-- Inserting data into table PHANCONG
--
INSERT INTO PHANCONG(MANV, MADA, THOIGIAN) VALUES
('NV018', 'DA55', '02/09/2006 00:00:00');
INSERT INTO PHANCONG(MANV, MADA, THOIGIAN) VALUES
('NV018', 'DA35', '11/06/2010 00:00:00');
INSERT INTO PHANCONG(MANV, MADA, THOIGIAN) VALUES
('NV354', 'DA68', '08/16/2007 00:00:00');
INSERT INTO PHANCONG(MANV, MADA, THOIGIAN) VALUES
('NV368', 'DA89', '01/27/2007 00:00:00');
INSERT INTO PHANCONG(MANV, MADA, THOIGIAN) VALUES
('NV018', 'DA67', '02/14/2009 00:00:00');
INSERT INTO PHANCONG(MANV, MADA, THOIGIAN) VALUES
('NV332', 'DA78', '10/11/2005 00:00:00');
INSERT INTO PHANCONG(MANV, MADA, THOIGIAN) VALUES
('NV124', 'DA21', '11/11/2008 00:00:00');
INSERT INTO PHANCONG(MANV, MADA, THOIGIAN) VALUES
('NV338', 'DA67', '02/22/2005 00:00:00');
INSERT INTO PHANCONG(MANV, MADA, THOIGIAN) VALUES
('NV038', 'DA56', '07/27/2010 00:00:00');
INSERT INTO PHANCONG(MANV, MADA, THOIGIAN) VALUES
('NV368', 'DA92', '01/11/2006 00:00:00');
INSERT INTO PHANCONG(MANV, MADA, THOIGIAN) VALUES
('NV015', 'DA15', '09/05/2007 00:00:00');
INSERT INTO PHANCONG(MANV, MADA, THOIGIAN) VALUES
('NV228', 'DA20', '11/18/2005 00:00:00');
INSERT INTO PHANCONG(MANV, MADA, THOIGIAN) VALUES
('NV368', 'DA86', '11/30/2010 00:00:00');
INSERT INTO PHANCONG(MANV, MADA, THOIGIAN) VALUES
('NV165', 'DA77', '10/28/2010 00:00:00');
INSERT INTO PHANCONG(MANV, MADA, THOIGIAN) VALUES
('NV146', 'DA66', '04/02/2007 00:00:00');
INSERT INTO PHANCONG(MANV, MADA, THOIGIAN) VALUES
('NV119', 'DA35', '04/11/2007 00:00:00');
INSERT INTO PHANCONG(MANV, MADA, THOIGIAN) VALUES
('NV086', 'DA54', '06/28/2009 00:00:00');
INSERT INTO PHANCONG(MANV, MADA, THOIGIAN) VALUES
('NV354', 'DA39', '01/03/2005 00:00:00');
INSERT INTO PHANCONG(MANV, MADA, THOIGIAN) VALUES
('NV087', 'DA92', '05/12/2007 00:00:00');
INSERT INTO PHANCONG(MANV, MADA, THOIGIAN) VALUES
('NV300', 'DA99', '09/06/2007 00:00:00');
INSERT INTO PHANCONG(MANV, MADA, THOIGIAN) VALUES
('NV338', 'DA35', '12/22/2010 00:00:00');
INSERT INTO PHANCONG(MANV, MADA, THOIGIAN) VALUES
('NV228', 'DA68', '01/25/2008 00:00:00');
INSERT INTO PHANCONG(MANV, MADA, THOIGIAN) VALUES
('NV338', 'DA78', '07/01/2005 00:00:00');
INSERT INTO PHANCONG(MANV, MADA, THOIGIAN) VALUES
('NV084', 'DA93', '07/22/2007 00:00:00');
INSERT INTO PHANCONG(MANV, MADA, THOIGIAN) VALUES
('NV087', 'DA21', '09/10/2008 00:00:00');
INSERT INTO PHANCONG(MANV, MADA, THOIGIAN) VALUES
('NV119', 'DA11', '06/20/2010 00:00:00');
INSERT INTO PHANCONG(MANV, MADA, THOIGIAN) VALUES
('NV087', 'DA89', '07/06/2010 00:00:00');
INSERT INTO PHANCONG(MANV, MADA, THOIGIAN) VALUES
('NV119', 'DA78', '07/31/2005 00:00:00');
INSERT INTO PHANCONG(MANV, MADA, THOIGIAN) VALUES
('NV097', 'DA21', '02/15/2010 00:00:00');
INSERT INTO PHANCONG(MANV, MADA, THOIGIAN) VALUES
('NV285', 'DA86', '04/08/2005 00:00:00');
INSERT INTO PHANCONG(MANV, MADA, THOIGIAN) VALUES
('NV097', 'DA89', '05/28/2008 00:00:00');
INSERT INTO PHANCONG(MANV, MADA, THOIGIAN) VALUES
('NV097', 'DA56', '09/14/2010 00:00:00');
INSERT INTO PHANCONG(MANV, MADA, THOIGIAN) VALUES
('NV332', 'DA11', '01/08/2008 00:00:00');
INSERT INTO PHANCONG(MANV, MADA, THOIGIAN) VALUES
('NV146', 'DA20', '05/06/2005 00:00:00');
INSERT INTO PHANCONG(MANV, MADA, THOIGIAN) VALUES
('NV124', 'DA56', '11/01/2010 00:00:00');
INSERT INTO PHANCONG(MANV, MADA, THOIGIAN) VALUES
('NV015', 'DA08', '06/02/2006 00:00:00');
INSERT INTO PHANCONG(MANV, MADA, THOIGIAN) VALUES
('NV174', 'DA39', '01/05/2010 00:00:00');
INSERT INTO PHANCONG(MANV, MADA, THOIGIAN) VALUES
('NV332', 'DA08', '05/29/2008 00:00:00');
INSERT INTO PHANCONG(MANV, MADA, THOIGIAN) VALUES
('NV227', 'DA99', '12/21/2009 00:00:00');
INSERT INTO PHANCONG(MANV, MADA, THOIGIAN) VALUES
('NV086', 'DA77', '09/11/2008 00:00:00');
INSERT INTO PHANCONG(MANV, MADA, THOIGIAN) VALUES
('NV040', 'DA66', '03/26/2005 00:00:00');
INSERT INTO PHANCONG(MANV, MADA, THOIGIAN) VALUES
('NV038', 'DA55', '01/09/2005 00:00:00');
INSERT INTO PHANCONG(MANV, MADA, THOIGIAN) VALUES
('NV165', 'DA15', '03/27/2005 00:00:00');
INSERT INTO PHANCONG(MANV, MADA, THOIGIAN) VALUES
('NV124', 'DA55', '04/12/2010 00:00:00');
INSERT INTO PHANCONG(MANV, MADA, THOIGIAN) VALUES
('NV084', 'DA54', '10/30/2005 00:00:00');
INSERT INTO PHANCONG(MANV, MADA, THOIGIAN) VALUES
('NV285', 'DA99', '01/27/2005 00:00:00');
INSERT INTO PHANCONG(MANV, MADA, THOIGIAN) VALUES
('NV174', 'DA93', '05/15/2010 00:00:00');
INSERT INTO PHANCONG(MANV, MADA, THOIGIAN) VALUES
('NV300', 'DA86', '02/10/2006 00:00:00');
INSERT INTO PHANCONG(MANV, MADA, THOIGIAN) VALUES
('NV038', 'DA67', '09/13/2009 00:00:00');
INSERT INTO PHANCONG(MANV, MADA, THOIGIAN) VALUES
('NV285', 'DA92', '05/13/2006 00:00:00');

COMMIT;

--
-- Enabling constraints for NHANVIEN
--
ALTER TABLE NHANVIEN ENABLE CONSTRAINT FK_NV_MANQL;
ALTER TABLE NHANVIEN ENABLE CONSTRAINT FK_NV_PHG;

--
-- Enabling constraints for PHONGBAN
--
ALTER TABLE PHONGBAN ENABLE CONSTRAINT FK_PB_TRPHG;

--
-- Enabling constraints for DEAN
--
ALTER TABLE DEAN ENABLE CONSTRAINT FK_DA_PHONG;

--
-- Enabling constraints for PHANCONG
--
ALTER TABLE PHANCONG ENABLE CONSTRAINT FK_PC_DA;
ALTER TABLE PHANCONG ENABLE CONSTRAINT FK_PC_NV;
    
SELECT * FROM all_users WHERE USERNAME = 'HELLO';